member_id_sha256,actual_label,predicted_label,phishing_probability,reconstructed_probability,additivity_error
4300d39657111cb0fa381c06122cf4993da4cb314cc8a0b4c85ec998ab3ad309,1,1,8.849756279571963e-06,8.844934558160933e-06,4.821721411030211e-09
38306350664a725951e2fe80e951b672b03b800bfb4354a499dfd677a1884b13,1,1,1.3947302156536168e-06,1.3882215117999586e-06,6.508703853658204e-09
e5d3f2d71de20eec3dfe4f0e5f66e7ebac9f853134bed8ab08a4fd5998509e99,1,1,2.9929980126519595e-06,2.987821415834091e-06,5.1765968178685284e-09
096bbe81b520a2bafa0aa70f8db691b1ad0613f07d67faf5efeb69d1942fbd65,1,1,3.781171046102205e-05,3.780612103765346e-05,5.589423368590474e-09
bc8bb153aff1b735fb7505d5d9ea76e9c0105a693a6b2cc7904fc5aa7805e8fd,1,1,1.3062464697677356e-06,1.2996756924565922e-06,6.5707773111434165e-09
50f346ec286769f776e9c50aecf827af7152e1586842ccc236f1ba8d3eaf914f,1,1,2.5232444019751554e-06,2.5168132527508824e-06,6.431149224273014e-09
489c711a9025dad6664cc40aae8d11c6a96d787b99ca0385b4585fc400bd86e3,1,1,0.00015296219275395817,0.00015295534680692668,6.8459470314863324e-09
54b03a43cdb17eeed62e6925e8eaeb8e50c26a3e77fca99dc872bc4d4a8a7180,1,1,0.0007665280420376952,0.0007665221060250693,5.936012625884501e-09
bd84296fd688fad21e1f7db8dfad7edd1bd68a9012268fff19d06b11329cc458,1,1,1.990694447506769e-06,1.9838986762832356e-06,6.7957712235333645e-09
8c6d15ed88e1b37d4815d2d02c1b16ac757f9f3182c88f5b48b4ab562475338e,1,1,1.6485688356659978e-06,1.6420076895951041e-06,6.561146070893642e-09
a528fb969044b63eeeb72cb2fb245373c2cb72d636d86e626f6951e822da424e,1,1,6.015509908419148e-06,6.008480959107665e-06,7.0289493114827906e-09
83be054fb92a50566896f819351d8f1fe667307ca12db03bdceaa3ca8efc1639,1,1,4.644670715259203e-06,4.637810095298178e-06,6.8606199610243834e-09
1fd884fe068979659cf8634fdb08fcc60a12c2c92bb40f945b6dc1ef8abe9fef,1,1,2.003074154321993e-06,1.998135735370443e-06,4.9384189515500054e-09
ec2788811a23c57c9ba96f73c33dc8daa34d78107cf371162dee54c9fe6a6982,1,1,1.343013915855451e-06,1.336326068523963e-06,6.687847331487973e-09
4d1b992aed05ee25212f9501432d71036f419d6fa22cc2e863831bd76a50983d,1,1,2.715764058747183e-06,2.7087052527074995e-06,7.058806039683674e-09
f07db2e680b48717a43fb89f2740bd1c3074351d9d87346788b05632b9722e28,1,1,2.401630814219402e-06,2.3945968990468636e-06,7.033915172538485e-09
550999529bbe2b84a21d1a55004483613b8c43eba9044b4bbf5ba09ad63c5eae,1,1,2.571987151256394e-06,2.5663416404198003e-06,5.6455108365938145e-09
555c46ad44b7af8d232d69a258bc091974ee3eb74ed51df2f5ea25f3106911c4,1,1,2.1433504330259368e-06,2.136695972931868e-06,6.6544600940687815e-09
772e500787426759ac6c00f21144cf56ae09059b654e154a226d250484c61962,1,1,2.6800518553304897e-06,2.673073724146491e-06,6.978131183998926e-09
e38dfdfff2fa4f07dd59069657ebf8b88aef8bcf8483b6df21f98377591af943,1,1,8.191322750938923e-05,8.190516132511316e-05,8.066184276067645e-09
e5159847665c424fba808ecf38e402d1b4ad80c0f84700e7018cb98fbb899c9d,1,1,1.9601625655951693e-06,1.9544828100404033e-06,5.679755554766075e-09
8001dfadcb35594bf3ad1e884e9785dbbde4c2719c81908774577c476feff235,1,1,2.9023860582677585e-06,2.896286868947495e-06,6.099189320263321e-09
422a368d12012319d1845f7d85fee0b54873ffaff07ea5a8edda0d1efcd4dc54,1,1,2.200659634854496e-06,2.1943007958435956e-06,6.358839010900397e-09
265e8599cf3bb8e12b572aa48a6bd00ec788b5d44bde9da92d21b4ef9346cc33,1,1,6.436753994365496e-06,6.4321223037788755e-06,4.631690586620607e-09
f94de7c32426fd023c19f51e2b1c90a589069ea4cec08359f3f5b5063baa9250,1,1,2.8476256620502127e-06,2.8420118259320226e-06,5.6138361181901075e-09
e6639e065c49a13c6761be05cc93394ed80926fbf68a32bda4d49eb7d1271eff,1,1,1.6793377577428714e-06,1.6724959350233881e-06,6.841822719483304e-09
b9ca05d1633c798cab0a2a8fbddad22cb5fd2278b135a161caa0a270887a58fb,1,1,2.4089131782645268e-06,2.4030711638367563e-06,5.842014427770437e-09
a0f4c4ae6ac2d8ae8b81c838ba6164915f7817a3bb858e354c7b924e65f7d19a,1,1,3.61681766947175e-06,3.609846921936999e-06,6.970747534751354e-09
8e4eaf4c69707bd0c97001dd5b9619fda6f8fbfeee725b474e48fad9be80c6b6,1,1,3.286901925081409e-06,3.2801833538265157e-06,6.718571254893391e-09
017de76ce5dfcfec7f159d04366042cc6e2d829d8c7f49de7be53b7c39d908e7,1,1,3.292252999220757e-06,3.286968870808149e-06,5.284128412608169e-09
67038a0d6d85601768c4014ed932188e69e719c9dcba7d9320cc8296da72f886,1,1,1.8706019637715343e-06,1.864870315892997e-06,5.731647878537416e-09
f8df41f4707fb4d7f2c13e75f91548349edb5d4a28915d315055c57fd8153340,1,1,1.5044496514127204e-06,1.4978816084143531e-06,6.568042998367218e-09
d330ebf3e4993705fc4ecdc0a4b8d657cd5d40541d33b625caf1d36c60533dbf,1,1,1.899922413284294e-06,1.8944869203396664e-06,5.43549294462764e-09
e9c37fe06e1f1db1cf065e54cff4ce8b929da783b278d2d7ee42d5b476215537,1,1,4.48781223139072e-06,4.482560596819063e-06,5.2516345716568935e-09
0cf9095570b70f933282126df0c75ae9d5b6696624f1145c1e8213630cf77afa,1,1,1.4574776575626558e-06,1.450535158209476e-06,6.9424993531796986e-09
e540a6f81fc67be4cdc69111327c8997015d65251128bd6ccf4f098f2f9da863,1,1,2.258926692366714e-06,2.2536222587521415e-06,5.304433614572446e-09
755b2a2edbf7c68335e253be7b675486a112f4851e7f72af5647b6a8d2e2ea41,1,1,1.3007720152113933e-06,1.2942225176559852e-06,6.549497555408124e-09
c5d24ac95257a9bf3da0ac55412c7b8e810f4e8ece0d9b81078050251998b150,1,1,2.917488559517345e-06,2.911488247159255e-06,6.000312358089843e-09
62d30beb20fce75d59c69a3d59b141b8c275e6bab861099661b8161bb1783476,1,1,1.5591473643272735e-06,1.5541298059584818e-06,5.017558368791697e-09
88db2285ed0bf06814282b398cae3159fb4ffc154e149168f17f091d301436d4,1,1,2.013931980182626e-06,2.006850539915117e-06,7.081440267509009e-09
b683ce8866060bd79cb782eea353a8c424058797061595e4a7f0e8e0302d48c7,1,1,3.374264752165068e-06,3.3688695353917275e-06,5.39521677334065e-09
5659e3f3080f24c64d77c8fb3f5f446ed56900c48ad628539edee4727c37f852,1,1,6.193346639538078e-06,6.188286887143235e-06,5.059752394842576e-09
ca16cc08b30bc2375d84b21e25e2f77fe856f71dc0415524e6efc745467feca2,1,1,4.042742684839951e-06,4.037194876571615e-06,5.5478082683357854e-09
840f1ae48da3436a58fea9c9f71e64c8af9cbff12238714b16934e8461cb62ac,1,1,9.332013555130025e-06,9.326991858737976e-06,5.02169639204908e-09
521006048353bdb66bd39eca9674c1d14457a7352d0d29e0670e2ea55d496672,1,1,1.5354801201628021e-06,1.5285229112427245e-06,6.957208920077562e-09
34b5b2541b9b22f6a5cd7239909dcc0711d5c9ad6aa0030daee4b53c0d1f14f0,1,1,1.3910160050478737e-06,1.3841598128783161e-06,6.856192169557573e-09
4e25731a7ed8ea6038550305de519b94b3f55430a3a2c8ce19409b1518c255f0,1,1,1.3456151796154003e-06,1.3397016214167223e-06,5.913558198678004e-09
ea96406449bbbe02724cc6a56fe350a915ad6c777154a468f57ec7b336feb79f,1,1,2.2233727559051175e-06,2.2179485059115045e-06,5.424249993613017e-09
577d7fa4c3c85fd53fe72594393daad40a56dc017ff098ca50dd5c5f2aee607f,1,1,2.382612621087965e-06,2.3773383103220525e-06,5.27431076591256e-09
24f7ce16a54af5191cd8140686e4922254a0b24133d2763bd39b7565d279043a,1,1,2.2496922894577054e-06,2.2433506823293925e-06,6.341607128312887e-09
e13fd1217f994ce74d14a49220f319b08555c0b538e1372a3319d36a35e1f5a2,1,1,7.087805828476235e-06,7.0823181337331675e-06,5.487694743067095e-09
b0b8ab9f30d1362e9446843936e0615eec89fe0ca442307cb1d7b9b419be3b34,1,1,1.9089730616261846e-06,1.9037505159524848e-06,5.222545673699841e-09
5a921d740a658e55572db9635db015eb41d70ac41a59f09dd2f4b43298d30be9,1,1,1.5618506623571449e-06,1.5548930588638044e-06,6.957603493340514e-09
1171ffe8579b6a8522e3e87f13d969c116614adc603188d3c1f1b7085c032389,1,1,2.04012723259428e-06,2.0331784026383914e-06,6.948829955888414e-09
3fcca5ae17d757b81324b8387035341eb4fa1213522db0b8f62222e1a53bff3a,1,1,1.773966856855047e-06,1.7687020003598342e-06,5.264856495212911e-09
66d0d9947e9dccc18dd020ed1671c7b2b1b98a5db0646eacf46b0e8ebac748cb,1,1,1.4439074592642598e-06,1.4378061895525818e-06,6.1012697116780146e-09
c50c7058e0bb033759946a8d954e113a3d5bbc0d957f36138be7b798fb4ade5b,1,1,1.8735516845724831e-06,1.8682637866751506e-06,5.2878978973325275e-09
3fbb56ea016c513a986b6a39828137c8a8b23c3e392fc589ebdb71af97eb74ab,1,1,2.9517317937655108e-06,2.945367517714903e-06,6.364276050607742e-09
b4e7c9ef8b17462ecb08bc7270eae424463f2bb440437fceed11d4ba2f1fcc91,1,1,8.116643532651846e-05,8.116310974515262e-05,3.3255813658428224e-09
adff13747df4f6b78f6a6ddb27f152bfaf0c0fa587951737c9392359b857d632,1,1,1.5668556648806842e-06,1.5609673321148598e-06,5.8883327658243445e-09
e1ed1770744508e5b53ec06af7850f54cfa1edbb9f45289a680306191465e4be,1,1,1.4063611596393244e-06,1.4000751150655688e-06,6.286044573755589e-09
5c0988d35cef69b191a02485b269a6b1cfece386eaad6982102df0841ec46993,1,1,3.948052254343359e-06,3.942395028211365e-06,5.657226131994264e-09
cd2734590a127fe1d7edd5e6994df3af7b2737b41fa4b2657eae97734d601272,1,1,3.5453057836143387e-06,3.54009040187675e-06,5.215381737588842e-09
0b69e78735c01e36d5b36b6704ed828ea3f803a9de227da7104f15556257c572,1,1,1.768212154695803e-06,1.7626605012810437e-06,5.551653414759272e-09
5dcfcf948765570edfd928e294b43911692ee23101c92c2ece61254224f4af34,1,1,1.6815326238095452e-06,1.6753082933140817e-06,6.224330495463448e-09
eb27826fe394281dd17e3b885dcf7ff96dbcc3e55f4ab2ac2a73fba1cbab96da,1,1,4.2835677033226105e-06,4.27815497294759e-06,5.412730375020658e-09
db356e47d9dcb9466bb258260f29a7e61f69cc3b0b5574eb5c029dcc5f48a067,1,1,1.700935017390215e-06,1.6943014745640639e-06,6.633542826151029e-09
4dfa9c36a368f6f40b10578b16af56e5f6301fa6e679cec2d1780b355f5d995f,1,1,8.833875243308142e-06,8.82773747162835e-06,6.137771679792792e-09
908a9f5e9b2585ee2b314a482fe02fbea414edfd96cf3a7b4565ab0d8d8af4d8,1,1,5.058169138316693e-06,5.053247605413258e-06,4.921532903434667e-09
6392d578bbc2cf3642df51fcffdbffcff0bc3c8d89706cbf5aeeaceb72c9cd6f,1,1,3.818427134816282e-06,3.8123610374141137e-06,6.06609740216868e-09
8be56e40ede36994f1d23239f12d5ff3509d83d016c6059219d78ed45bdc0a84,1,1,1.4995586326005395e-06,1.4927630042627094e-06,6.795628337830095e-09
c424a360112fb76a9700b2a285743907884171e9f13f6da510414ad33c90b0b0,1,1,3.0813779171579014e-06,3.074304071981615e-06,7.0738451762863974e-09
5f3e54477df45f174bd35e25831e1c716d06cb5c3e90ee42465f7d25abf47b17,1,1,6.118999397286551e-06,6.111568244593357e-06,7.43115269319361e-09
779d83fc102651c96cab0e20a3946fb4306011f2eabfc5931653c4716cb179a9,1,1,3.0260657468694774e-06,3.0207276244809123e-06,5.338122388565125e-09
dfd71c2c52ab1bb95a97cb1367708763b9d7c3d69a66d79f611a0eda14411df9,1,1,4.911448139743868e-06,4.906326519837911e-06,5.12161990595672e-09
30e6eb890b834c5d56df3e5a14f6efb0b5e8da91958d26cd613dfb8bca9c6330,1,1,6.787487218495869e-06,6.781896766006046e-06,5.59045248982315e-09
0a1b63af85447f81171cda10919e62f3a91b10cddc9e2e57c614a5de108f038a,1,1,4.295736177439835e-06,4.290210586899157e-06,5.525590540678138e-09
bbc072fe7458006ae71cca44c48799d90e790869853d2098542c4065004c998f,1,1,3.428808180272469e-06,3.422586664247884e-06,6.221516024584872e-09
9d19813c8ecba57b899780a469853f1c7b02fb4e4556e9f35f64cd5245712585,1,1,1.9568658675694905e-06,1.9505718562018437e-06,6.294011367646846e-09
b25c3a8323a650abac2b1a2d9b5e8abbb955306520fdf2662c9c3a0ad88dfe82,1,1,5.392419664129733e-06,5.384982134648553e-06,7.4375294811801496e-09
3fa1ced9616dfeb2b44b371aee496c17985a90d4f3faadf515cce1815f38f50c,1,1,7.381362729597107e-06,7.374426879536156e-06,6.935850060951765e-09
6059af4bd6132ee5d537b533437d2d3a9680237c3151db78104ec8fdff54e09d,1,1,1.3109900961483234e-06,1.304983038130647e-06,6.0070580176763144e-09
cfdb3d970888a6c743fc356d4dd92baf8854c0befddcade591247e06127235b5,1,1,1.482102045657907e-05,1.4815175270743719e-05,5.84518583535143e-09
661a9bc03bf6411750e82a4363e4f0359ea5a25de6709ced1203eea50e97ecfd,1,1,3.0494133910208276e-06,3.0438723453984906e-06,5.5410456223370375e-09
2051f1dfb62ff57ffc2e64b0e187249079e21bccb9dc325619da3846f7f226b4,1,1,1.4371260391721208e-06,1.430627088683245e-06,6.498950488875721e-09
791574d4a45ad0cb518856b065027b8d2c8d162ee870c84d981a0ee1ab795070,1,1,4.561989332074745e-06,4.556393190968677e-06,5.596141106067876e-09
10c59a370896ef99ebf1141951f6803f74aaa1f8735f614f45ceedbfa3ed4ec8,1,1,3.1611560926680937e-06,3.1541219664976694e-06,7.034126170424315e-09
50fdd17494523916f6d6eede803952fe28924cd1dd81e93139df2cbda97515f2,1,1,2.5697798766710633e-06,2.5626937356082458e-06,7.086141062817575e-09
2c5f86b0e801e7cfcfc8351d55cc72149b9ef2574377d1a70c6a09ef8c25a45d,1,1,1.4862032043927442e-06,1.4802250270506967e-06,5.97817734204753e-09
de4e2a694587b0ad4c9cc1a3af99d387f627bb38c2baa3f42756339b905b4d66,1,1,2.1314808703598587e-05,2.131017316431283e-05,4.635539285757773e-09
dc504a84148de88bc38560ee7ccd22af275f73a1366e8315df8fa244e32ad29d,1,1,7.004221185713533e-06,6.997432314248542e-06,6.788871464991075e-09
7959bd082c8c53d4a6c6f6adb08f1a22ccd1728e96179f2ed3b2855e704dcb0c,1,1,1.9689923331789316e-06,1.9636071745265937e-06,5.385158652337907e-09
e77def77b9e9286e77a679214daf202d6b52ae71fa0bd0bc7a81051b898c422c,1,1,1.5885340475252363e-06,1.5814053015428264e-06,7.1287459824098676e-09
cbb5675bba7aa302f0e47a81eb66ff7612bf6214886aca12e70dd7407d85e9a4,1,1,2.3145938680135814e-06,2.3081701889804407e-06,6.423679033140672e-09
623f82964aa49a7f8c6c8935e0c743503a13f111e8760443fead328eb0343a72,1,1,2.626849264664166e-06,2.6214360465126596e-06,5.413218151506527e-09
36b5dbbdf6cb4b1486c9e0bcd6b238a75be375465d0a9a82e1ec997db20f844e,1,1,1.213469671301759e-06,1.2072173229960015e-06,6.2523483057574936e-09
0f588008800132008501d6dcaaa8c2d39afb1ac15db38b5d076db4b46c19c20c,1,1,2.8549240835840095e-06,2.848288795209708e-06,6.635288374301496e-09
ebda18fed7b3110a197c280f4702308e62d981ea8a4cd05124466bee21191e40,1,1,2.2089588193052734e-06,2.202035794818258e-06,6.923024487015539e-09
17590ffa7701a3a0b6d32a0ef4547d42b338e6cb4a99c87b458a7b475bbf4234,1,1,2.04477193599395e-06,2.039475374693289e-06,5.296561300660585e-09
43b2472801169240f75db947c97d7e5814c4fc7a367256d76e17112b9230e81d,1,1,7.5961696089921205e-06,7.591148783181456e-06,5.02082581066432e-09
8a8428d1d0ca5f4c7204a5b617a3b1f9a11e927f070ed4266076ad7f08cccc0a,1,1,2.504521948165639e-06,2.499273670686364e-06,5.248277479275032e-09
c42420ab23bbcaeee5f03eece9c676f46d30b6b2900784ecc62a79e12d75b700,1,1,4.589757954254203e-06,4.583701033455956e-06,6.056920798247489e-09
bf1c9f493a55ea10fc104c0d29da7f493a35c09052fd8c9b630d766ae6fdc085,1,1,3.0678668172523516e-06,3.061018524208592e-06,6.848293043759668e-09
c9cf70c1a96b02567bc0e4cace464e426cf5dddd07e02d1a6f108e61b481f8d5,1,1,3.948943132048299e-06,3.943435365860726e-06,5.507766187573537e-09
6080d9dc459620221da3f1bba9d8d5154f7afcd0c7d787c798db56680c22e9bb,1,1,4.596774280773985e-06,4.5910951254612975e-06,5.679155312687811e-09
e02623195bb8110d46f6568411f8723da55a1dad1f9f72684aa68124be3e1713,1,1,6.3609824179078345e-06,6.356335597701435e-06,4.646820206399838e-09
03d2872248e94d41c1f1c1337dd2f1f052f69a5bba08123c7175f7a76be98985,1,1,3.0999478820570303e-06,3.0929434026161218e-06,7.00447944090854e-09
7559cb4994026b14ef860944eccb618af26e750d504db7371d5a4e30038e0f67,1,1,2.8688428375112096e-06,2.8632845631149095e-06,5.558274396300078e-09
e5e887b59fce01e0ac28c936c40fefd6569a7719be83f16b9adc7f1025a15123,0,0,0.9999800646482333,0.999980070178099,5.529865676479062e-09
b390bd5e794f569dff950c9b3f2f44c4ea3802509979dfc88d4ca481bf5cd1a2,0,0,0.9998490684332764,0.9998490724389204,4.0056440386848635e-09
4a625610fa3495f56d8a8f3f75afb05b9042450f12d731af20409cd6ce1b02ee,1,1,2.0046431945530685e-06,1.9980420897236506e-06,6.601104829417892e-09
5bec1a7f7602019019ab64baa6c418b4e74bb28cdf868792cb5db8f70c381f79,1,1,1.4940417097708547e-05,1.4932746537743569e-05,7.670559964978452e-09
bb523426704287de4db673dfa991348adbfb0f6747997d16ece3dbddde5b6ca8,1,1,1.2920975187569184e-06,1.2853217593034039e-06,6.775759453514496e-09
5ce3191848a053f85c11ac0ca476b61a2d2c7cea42ff65a32fbcb7f8e89bcddf,1,1,2.1691920473410065e-05,2.1686697355471907e-05,5.223117938157884e-09
5380f9c86e1f598d127014c414651f3327b419b4834f9e9b5f14e43adcd2e6b3,1,1,6.367831546061353e-06,6.363238574780272e-06,4.5929712810810486e-09
016efd9d2ececdf4b24bd4748dbe3f8580ebde5816373b5ca8c8eff588f18a53,1,1,2.552866013583177e-06,2.5475159335930364e-06,5.350079990140699e-09
437e9803b456628c1ab6cde83537bc8940186606cb7e06175faa4a4ef1d80b08,1,1,5.019352019353107e-06,5.013452935742624e-06,5.899083610483302e-09
b81daea908c1fc24523511d1fdac7f9929344b5d1d1efce8f561bb06e33b9504,1,1,1.7729035007851834e-06,1.7669778037965322e-06,5.925696988651197e-09
0705476b9be3b56650a58e90f07a5ae34a76ad1f61de2031ab0f9adc302caa00,0,0,0.9999441433917047,0.9999441486113435,5.219638832265616e-09
2032fbe93162c79ce34ea5159d584f58c0ff339ac0f1c78e71e7b2fd55ed8e34,1,1,4.475513497026462e-06,4.469192957823331e-06,6.320539203130693e-09
f2a120573f0f54a5671aa7c6d32e778cdf3ec8328f3b427ba87d81e6f37edd9e,0,0,0.9999978335518991,0.9999978421197899,8.567890841248982e-09
be84d06115bd35d4bc8bec0ae781929116db4f042e9a81d5f95704cda4e54e99,1,1,1.9939708495453345e-06,1.98739127704739e-06,6.579572497944497e-09
4491ab13854ab66dae8cfcaf1b17f644318f407c93b2af47e43faf4c183bb0b8,1,1,8.504281598820107e-06,8.498809048740341e-06,5.472550079765881e-09
f0ca23ea92c35095587766d5ee7b73e95d623fba4b9a5d3cf1e968f1a07301fd,0,0,0.99999505590621,0.9999950630930203,7.186810369042007e-09
f546782852f7f5fba0e9bdaf7f1b07a8a854701626234299ed1ca0d9733a4651,0,0,0.9999979571395269,0.999997969773046,1.2633519119731318e-08
5d87cd4c35296be12d15b4eb34d77d33add1e82073329e65096e29da3917aa19,0,0,0.9999980668423193,0.999998078048972,1.1206652716921894e-08
2f21a9118a260e2916ef543bdbd97b0c3a96e0eb8c839997fa571c090aaccb4d,0,0,0.9999896467177625,0.9999896553521059,8.634343462432525e-09
456026442e1b6fd871d26f81072c4b3d54770739b2a188159cfb780b2b52a6d8,1,1,2.9856998831068182e-06,2.9800612958985617e-06,5.638587208256496e-09
c7f5d63f1bc9a20865182d76a64d9be9c8efaf46a761e480b2a7efa8da88bb1d,0,0,0.9999900828718423,0.9999900914256109,8.553768582331145e-09
4e839ebf15eb6a62b9e69ce0e29dcbfe4f2fc3800e7cadeac78e5092568aed35,0,0,0.9999976562220902,0.9999976626650483,6.442958055963288e-09
bf9f61aa20a059288cb8dfe13ab3dc2ed98ad575d9b483f7bc833bae4a047272,1,1,2.1281612807566574e-06,2.1215067327884363e-06,6.6545479682211806e-09
bd1ec20460119cd09c66276412b084ad91e27e4a3974a4794a233ffe160dc98e,0,0,0.9999982861367473,0.9999982933818968,7.24514948036159e-09
c9a467f8b74f081ce36e1adae6d70266b5097c2b51f218d5970eaf80bfe58ed5,0,0,0.9999983248219111,0.9999983313453341,6.523423023985231e-09
219277d64715f29dcaf01678e24e3204a3367f98926a498006ab2bc6be847ae8,0,0,0.9998354234730975,0.9998354330968726,9.623775110156885e-09
3ae70bf86473accb0da131b564a9b1290f7faf308bb316b8bd2864a3cbd45146,0,0,0.9999979010012937,0.999997909532037,8.530743333956536e-09
7eeeba1920ee99adcf524beaec9ddbd5de5d92ba7b5db640bd5fb551d62dd4ef,0,0,0.9999446357776197,0.9999446439334851,8.155865427461606e-09
625f58ddd6b1a3324f42b6c99cd4a76036fe08b99d035707261b25f62ac3323c,0,0,0.9999979284498205,0.9999979357687717,7.31895122285664e-09
f831e4c92b1d7cd2c0c2ab2fb19cd6bd4be2547e2b193226208c1fc018967365,0,0,0.9999765927631432,0.9999765983751262,5.6119829894285544e-09
7e20bb6d866056613c09809db6c3621e92068e9517ad0d59f9d04008f68fe9ad,0,0,0.999981216068066,0.9999812235965014,7.528435430614877e-09
3be88de4912b2195dcd426b51b3cf3fdadf36524bde4d30d0668e42a83cf9dce,1,1,2.6783886428738413e-06,2.671483200378244e-06,6.905442495597214e-09
c8c3a92eabfc4db7638b3de31940681040abc80df920d04032abfa099e5eff38,0,0,0.9999782949778683,0.9999783008028185,5.8249501888596456e-09
5f3c77e120829e3992e8bee2bd262753214f04a9b8da8c32b4c2303cf8c7ca9e,0,0,0.9999971032734,0.9999971124007302,9.127330224956154e-09
5399061061e2a25930e373e8754ec704be835e3d70441b06bf9973ba72ddf1c0,0,0,0.9999943569464852,0.999994366771389,9.824903779431793e-09
d15a35438e98505fc13deae6df797d9d73d3861c485cd8a71d8bf2307ac44c4c,0,0,0.9999977102656508,0.9999977169523709,6.686720177562222e-09
c940349c53695dcbf6028eb1f12cf3bf65fcf4fd5557e51430357c1f4c134775,0,0,0.9999983300810582,0.9999983400778361,9.996777849963223e-09
1506de088bfd3a42ef1024e86b55b14d1151d0f8d5fdc0a14ab5a0765fd11232,1,1,2.270110252888813e-06,2.2635503159618153e-06,6.559936926997523e-09
cd6d48c655b28dad03ed2ec8572ed838df38988c3f284bdcf0ae6cb2d9587433,0,0,0.9999981584549678,0.9999981691164649,1.0661497129582642e-08
9c369da72c0941cca158b4cde6b3d57619cac7ce1a9a728f6e1d020be3c1a925,0,0,0.9999981113189021,0.9999981212340644,9.915162246798559e-09
c18e1c0e7d9930e1604e053a3a2c1ac2a212ae333cf0c7b573576d5e3cb479b4,0,0,0.9999885171351418,0.9999885250142008,7.879058960824636e-09
05ea5008ce54434ba078f3e2f8fb3a7e64af7f23e71f0e6c2128a2a280f8501f,0,0,0.9999967260802823,0.9999967352349515,9.154669133870641e-09
f7c69638ec002effcfcef01f1fa018338aaeb629b4f90bc05979800fafc06497,0,0,0.9999965600933223,0.9999965701471946,1.0053872290249899e-08
c50034001b897899afa30f7c626464f895800026b476e2e4f32c336fde27ca6a,0,0,0.9999978752663397,0.9999978854082876,1.014194794812795e-08
2d01f33f76a507bca4fb21a78672f6009443ef0a1e8601d81978adc57a0d1149,0,0,0.9999960271118665,0.9999960367356034,9.623736918484838e-09
1d681a11d6dc1ee634b9f2a877d376b483f825e4836d4eba872ce98488592539,0,0,0.9999962083426339,0.999996212490554,4.1479201184912995e-09
af0d486a106649fa882fffa61973a814b908f8ee38cc3fadd87f6feef5048d74,0,0,0.9999932325954903,0.9999932370122797,4.416789378680619e-09
38504c425701dbf8d9a747c3d97e54f3151bca8eaa3102d97e5ce87bd6201f56,0,0,0.9999962679778038,0.9999962725574305,4.57962667788081e-09
e3b1ed49c0264728e3158ae0453de458a4072ea16f9f53616538d5947b6b34d6,0,0,0.9999788595976046,0.999978866235808,6.638203431386103e-09
98815b6ef78f5dca702a9ebe205511bb246c0703534c9d4d769d6eeb09e0b1e1,0,0,0.9999900828718423,0.9999900915536358,8.681793506326585e-09
be0b72f897d91fb8e0c86964845ce60cf1906f38349b1eaaaba6a9e0694293fe,0,0,0.9999981607238705,0.9999981686858935,7.96202304087501e-09
fd2bc1e2c6cc4dd2f03054a55c7654587855b40c3c5984014b66bada47e1c663,0,0,0.9999896512057284,0.9999896598044008,8.598672440740529e-09
1cea8cf23631a4a696a6f154e3d673bde9588df37baef52956bd35012cb15929,0,0,0.9999981259593386,0.999998135980443,1.0021104390744995e-08
8dab59c8a6d362c7abd53adb7c7f36ea6059fb436696accc8ec6a1a92818191b,0,0,0.9999967327107163,0.9999967434220446,1.0711328268797615e-08
f0a2e6cd50db932bad1c32d4cc8a8447c0a9647619d082e65085e951ab8d8853,0,0,0.9999985060979213,0.9999985147039961,8.606074852757217e-09
5e7eb8e2c8859e3331f1ed5ab8c5da95aae5d2ebf970009122d1fe9902803ca0,0,0,0.999998242356346,0.9999982503392204,7.9828743615451e-09
c29f4c3e1122baa5003bf6e34ef1f7ad527548566ac87b9f8f757c7185df0469,0,0,0.9999985758270546,0.999998584076956,8.249901317647357e-09
941b9f50e18ea961c95fc7c830279f3b6e1af3ee3423fa88b1e20e173587d0cc,1,1,1.9493827454475365e-06,1.9436837195296874e-06,5.699025917849099e-09
d04c130e03642935f3e76bc3e473d04cba66cd38180b25934b2338312c547839,0,0,0.999997511705659,0.9999975229094601,1.1203801109083145e-08
92799e852afc0abed98123b1dd8bf144c1f3fb710564f217bfe3a76b93082a57,0,0,0.9999922499812316,0.9999922618733545,1.1892122953049977e-08
098b9b93458c145ecc6486bbea89f272f238aa59745eea6b95f05f6e9b7a2cbd,0,0,0.9999966407213147,0.9999966468229776,6.101662952673337e-09
ef7a961e0af9e852c9698d9d90f477a26f17f5cdd851a89986ff850a42e8e8be,0,0,0.9999889673013388,0.999988973374157,6.072818248270551e-09
db18d0f99e29f9cf267bf891b2b075cd73f56718b953c0a22b97b8fedd1742ce,0,0,0.9999980280399663,0.9999980356337158,7.593749518086668e-09
a9accd2174ca2d4cf854b0d06fad9daf846268de7e8567474c28e260a1f2c3ff,1,1,1.4412616664571942e-06,1.4343414092010676e-06,6.920257256126661e-09
d78c5864b0776afe4952950c8f80046c874cc4496c891db5ae855afad655f3dc,0,0,0.9999944238755415,0.9999944314191636,7.543622060346422e-09
a31011a34414070f473dcfacbee95c82c335796a2df6ca980c0f4c0107800860,0,0,0.9999985068311572,0.999998517563535,1.07323777642776e-08
6475148ac312039d69ac38eac3a773b4b516ae61c28da783cbb97e721ce631f9,0,0,0.9999979955670218,0.9999980060038588,1.0436836950233896e-08
96438fbd4051cf00c2918daefb23b28d3a259c35d099eb856da08f29245dac88,0,0,0.9999964167595858,0.9999964270764904,1.0316904552887252e-08
92d7a6f80d559e5133ffe6c6b1307d60b8ef0395b60d9e978d9f20234c72d728,0,0,0.9999982905897141,0.9999983027255046,1.2135790483647213e-08
a9ade087c8f0ffd9e0b1fb6cd15e99ce7af03f79f4ec61545b20225b47cf4a61,0,0,0.999998324822439,0.9999983345385356,9.71609659394801e-09
a82e71ff7a0c8bc11d94fa7cf0572fa363b38a453dfe0fdeded9078b3c5674ff,0,0,0.9999970525723355,0.9999970616352782,9.062942729620715e-09
dc20e7b734af411dd480e8e6c91497d2487f19aa76d2266ac206fadb9391a729,0,0,0.9999980446368881,0.9999980534161209,8.779232785194324e-09
f392707344a01261e0669eb5763cf7799872ca3aef1b7a5a1a519bcb9a9f3e5a,0,0,0.9999913590993128,0.9999913690696267,9.970313907814443e-09
8ee865562633a7c8dc7e812ffd60e01c2d76a0f830559ccacbac16038e0c4ce3,0,0,0.9999955564811128,0.9999955645996913,8.118578476157268e-09
a663743f5394e545098553925f312943f4f546facda7f076baf1587bcb8e07e7,0,0,0.9999979982527522,0.9999980098536908,1.1600938654154902e-08
72689e1144b488c8602688bf203d86b23f7532f2dacf2968caada0323c138da1,0,0,0.9999729134446026,0.9999729188194701,5.3748675510334465e-09
f7f1ce92f9046ddcef81f078258be2e7d272e7e037f745d991b8741d1b1a5b1f,0,0,0.9999975996729364,0.9999976112740311,1.1601094640489862e-08
81338b9cd3466e7aad3fa5c1b5b4df2b6b07112ca1b82847b9672f7593af254e,0,0,0.9999946049301626,0.9999946154245637,1.0494401125882291e-08
3b6a1849156d53d051721f0600a60df58d19deda0736ae276ddf33d29ed04abf,0,0,0.9999979837311559,0.999997993088474,9.35731814255547e-09
f79ebf38fefa81c58e265467e9f19d9e370b751dbc6d7c0fe865c1defaeb04a9,0,0,0.9999973445881208,0.9999973573754423,1.278732142395711e-08
8f8ae3ff5666720b2f88e7d72df2ae64ce639be442e7bf2693c777284a94cbaf,0,0,0.9999964357538665,0.9999964455494694,9.795602884388188e-09
4063e8a08cc528cee7870a7b0c414927fccad64bea55fc1b6f80c40268287d52,0,0,0.999998037079128,0.9999980464575002,9.378372189949857e-09
685c1aabf11eb11e9b7195917600a843b217c2be47b23400615d2f1e0d14efb8,0,0,0.9999959013330542,0.9999959123548521,1.1021797918786547e-08
877e90fb102d10df4bc0ec8b25fbffaeee2173860a88a526bed40eaa74e2348a,0,0,0.9999985877279643,0.9999985955734016,7.845437299813796e-09
0470d0c482294f947e04149dd8ce564f6fee92169d5ad90c80289cf3b7faf9d7,0,0,0.9999963765034559,0.9999963864691711,9.965715253024143e-09
30b4a2e98667110124f48f82c881b5dd7540a018ffa71abd77a2f11004a52c53,0,0,0.9999977999211651,0.9999978096349174,9.71375224700921e-09
5a3e974367fb82df310998c43567751d01a403c73d9b0f7df19f661a132d9aa4,1,1,8.959953600506942e-06,8.953961741497984e-06,5.991859008958045e-09
5f3673b5f011e8a21b7184fc1b114b9ed593057caf448e3e34e13539447e8228,1,1,1.780367641979197e-06,1.774742443894084e-06,5.62519808511297e-09
42ca42668e4a160e8c629ec4962dab7eb00bf0984be045e2d99225da60bea25d,1,1,9.31055952003712e-05,9.309948518620992e-05,6.11001416128687e-09
2efd71963695fcccf71993a0a0cd75a2d981484d92af05f3125ac62af4254077,1,1,4.290612458324183e-06,4.283891788470218e-06,6.720669853965688e-09
8072e8e1dd6b21eac94bbfa5a21c58bb17f0a59ecc8835532135e60ef9da09f4,1,1,1.794292222245808e-06,1.7890275350040952e-06,5.2646872417128066e-09
372dfff4a7d3cf0162c6b1bcda909607ef7e6556365ce2c5d950f69f1a613de1,1,1,2.428583160907216e-06,2.422836322235611e-06,5.746838671605303e-09
adfc93987aec8f6c66f4f7f6d352e59e09b8cdcf20f95ae460c6f564626cb49c,1,1,1.6548311949637906e-05,1.654343562768057e-05,4.876321957336671e-09
ca4638ca0dd8d5c6712d302333d3a709c97743218a788184cd805e5acd79becb,1,1,1.6763724217661036e-06,1.670761293315337e-06,5.6111284507665005e-09
3c8c54c7817f2a43711941f51854ca0ea933d92470b2ef6b67859230cde64f1d,1,1,1.4376187826847797e-06,1.4311752052909021e-06,6.443577393877575e-09
2ec10ebc43c8983351093ad60e38f293ac1816fac04bb37f424b9d409cc49e3a,1,1,2.4736786086165807e-06,2.4684631874660745e-06,5.2154211505062165e-09
0bdd76578936f5a1875cd265e0f53d23c6ad5cf1ca5cc78e6ea3b30c3fcd7c98,1,1,5.631042481191173e-06,5.6256467762527684e-06,5.3957049384045774e-09
9ce7acb3f321c18ea55a6001da5b79ab168664cec7e54582ac9bdded6d756811,1,1,4.086976390538233e-06,4.082162069873885e-06,4.81432066434806e-09
8274e9da4f2bfb7968f2b89e377925714a016bee64801a979e5dd7660affe3bf,1,1,4.156865995086356e-06,4.151954734632479e-06,4.91126045387702e-09
49438d4c90552856fa309def4b52f9cc9eae409ddc3f04e897c5537fd56e900b,1,1,2.740669510004068e-06,2.734437167528636e-06,6.232342475431807e-09
3f79f5e11997c6acc8077edce583c2239a4eb14bb823fc101dc3331f8c8cb43e,1,1,2.03297444223427e-06,2.0277830234949334e-06,5.191418739336484e-09
c6fc9e59c999f57f0d4d79a72685cdad96ddb8023fc1e22a0a2a1a5febbc4286,1,1,6.764584872365198e-06,6.7586525211993376e-06,5.932351165860439e-09
ddcb7cafc5d14a6c87d4e4db6d5d08a198604bc495ed52903e3b3974dde3f10e,1,1,2.5275856356810067e-06,2.5207520675807338e-06,6.833568100272913e-09
9dd75841edf78719a6521eabe7dbc6538421bca0d3703fd8852c4682dd76c042,1,1,2.5517347416181835e-06,2.546300150174652e-06,5.4345914435316445e-09
2f6ab0888fced3944b2a8619a7f3ccb0c6d71c57f696ab32fa94aac02b85fdf0,1,1,7.188981193151367e-05,7.188179235878556e-05,8.019572728112934e-09
1569acfc11edd4faeef15473efac1782ee1b0b9c9b770077c7e9e1bb9323284f,1,1,1.3538838870341685e-05,1.3533833222501013e-05,5.005647840672367e-09
1cb7dca74d11a1871c855fc2cabc18cdaebb5148243d685e1293a3a293fd4fe7,1,1,3.7995887052222344e-06,3.7942459279460827e-06,5.342777276151622e-09
1e2a454f52f05cd3398c1369a62be1de25831fd120cf1ba78abc92e0de96e984,0,0,0.9999913414347351,0.9999913475451413,6.110406181036865e-09
d181389b69e83a7899e54ba8a33ee78891c93f56f3d74293912ab7994080fb9a,0,0,0.9999957791862565,0.9999957878447235,8.658467054445396e-09
98c9085172e0687a742cdd285f6b71f389ff1ccb87f4effaad78c483e5f46d4f,0,0,0.9999962062636852,0.9999962151630772,8.8993920011049e-09
1a44bd0fb823983d0f34bbc9d81e810dec754e2604f4b641a34078a1e8f055d2,0,0,0.9999968382233394,0.9999968476390321,9.41569266998954e-09
2a32f14ba104aaa84cc8cf22c3d036717ff5e9edfccbafd5da5670c09377a42e,0,0,0.9999970189643641,0.9999970282764304,9.312066340250169e-09
343fa033ea9967b4bdfd42c62debba005a537beb6a9ad3ece9cc2315b4153e79,0,0,0.9999962573335641,0.999996266034439,8.700874909450818e-09
1cb370680809278e328f307991a515ce511fb020743885abd98ce1daa5560dd5,0,0,0.9999982512187277,0.9999982598168975,8.598169842777281e-09
d08bf5c701d18902cfdaa2517ad7b2740c951565234aa48c3c003b2343d650b1,0,0,0.9999982512187277,0.9999982599819854,8.763257786092993e-09
3eae62862db58f7e116b9e5eb6f66c1b38f88ac002953dbb2d584512a159b0a6,0,0,0.9999966526674914,0.9999966628394751,1.0171983699791554e-08
1c856c52dec055c446a7eb961f9c214537c71e492eb7443cdad52cc28fb70a75,0,0,0.9999968382233394,0.9999968476818103,9.458470895395976e-09
90795d604a56e294bdac6e52c6d1d33ec5c47bcac5d985d83a25a4cf05069109,0,0,0.999997992863824,0.9999980036379061,1.077408218197462e-08
c3874da7a65e88f954eff3a1dd85e75cae2e917c0c1c568c8484a4c9841975c0,0,0,0.9999982512187277,0.9999982603568665,9.138138801212392e-09
12c22ffc1a0c19b10a93a8a42f2c6f6ece2f23f9459d28fb35332740eadcd39a,0,0,0.9999970378429707,0.9999970471826745,9.339703788135978e-09
98a345f99b60adc3c791095d10b44e404421643822f6a182a850c7eb581c48d2,0,0,0.9999980335918732,0.9999980425271102,8.935236994744855e-09
fe2546010c9ec27a5d5d4dae484c1dd180a08e7131356417fc4ae6fd51df7ef5,0,0,0.9999979851198881,0.9999979938053313,8.685443142475435e-09
965ad605bfe6133d9d24df2bac5db9aa5ddb7d5bdfa4d038cffea193dfc2fd87,0,0,0.9999930654615697,0.9999930719764426,6.514872863405685e-09
b463f514438452b859c867b7f9335afb564016f553679f6f0332f22b51bca01c,0,0,0.9999977366156333,0.9999977451607395,8.54510617820381e-09
21ecfeff212923f8bf67bd55d7d647999a7bd773724c12f51a18c40f4e6c0f24,0,0,0.9999961107685383,0.999996119100396,8.331857648258278e-09
813c456363cc508c4a0122e0bb1441479347c78e2de6a06ea805fed5b663a856,0,0,0.9999960575146333,0.9999960659053059,8.390672601166216e-09
4b9e44b5736cafbc2a17aed489c580e607878ecd9a2bea81befd75d470904634,0,0,0.9999982601399866,0.9999982690663466,8.92635998450686e-09
f278e71a3b2a7ae733dde9a1792a0260b3b5c237abd0f33bb82742b26438901b,0,0,0.9999959486356614,0.9999959590322774,1.0396616012542381e-08
2a4709b446780b0500c11fa403b6c4da53b6fa4344ec492efbcf645f70583af2,0,0,0.9999979045399526,0.99999791353098,8.991027367066806e-09
2fb180e9b629cceb4c55ece4bae054ecc97609292f1e36dc5a6702c3e5c905ba,0,0,0.9999982715061604,0.9999982806120011,9.10584074809151e-09
d7472bcdb9a2fff327f3e9c6d220a412c5defa15c1d8068a0c6e9803ef9054fd,0,0,0.9999967545334292,0.9999967636346084,9.101179254678016e-09
81b3663e2641e614588c27da0a9b10eeffd667edf5b6918d56cc30b39b83e893,0,0,0.9999979463268192,0.9999979562131126,9.886293450556138e-09
b9757e0ee88222c992f5a52c1d165f2c0aa0c0cfe28c21f82dd1a471ec2d5a26,0,0,0.9999961182909418,0.9999961266487527,8.357810887815731e-09
e8a9969fc719780a26b9ab136fc237259e0159ead07e93b9d0a7207e13ec1fca,0,0,0.9999962256062589,0.9999962345999016,8.993642719445916e-09
90d0fdde310cbc2b2aa91d926f0a7e394e857bfc5a06a2784006cc1e40029263,0,0,0.999995358408172,0.9999953674264817,9.018309654607037e-09
496a98440aa7ce04a619eac79b2b0a7614691551be2729f37de42be21cc4ffaf,0,0,0.9999979339396577,0.9999979448940373,1.0954379514593882e-08
a62b6c974189c03abe1984d0d5f47d3fed44428cdd7a6e55f6a10b307d7d5b78,0,0,0.9999977177993645,0.9999977272765737,9.477209128583297e-09
29085dceb2d11f6fb847daa875fb9678e461ced3691536a408afb08da2e81cad,0,0,0.999987118542844,0.9999871254818572,6.9390132528823756e-09
46cc07b544f48ff69eb512d9655850f18b4dc5c5bee25baa5dbe8c74ec268584,0,0,0.9999982715061604,0.9999982805790356,9.072875228888222e-09
ed5212ccf7be9cd7fe372235642c57c22d07d7e3d1cb453097def2689300c6b3,0,0,0.9999970378429707,0.9999970470227694,9.179798698966124e-09
80db326507f6b3e9b97090458ea254898883e7e4e8eac709c26c1ff945c9baeb,0,0,0.9999936523016599,0.9999936608537697,8.552109798110052e-09
f2b646b332986b02492174b19dfe668d98aa79ba0d5d4ac4f9bb0ea3de94e2e7,0,0,0.999997503400222,0.9999975130758082,9.675586221113974e-09
d3b74de5e1c814165be99993da5fba8c0bdcded126cdc71a874defcf9d23c0d7,0,0,0.9999959404011821,0.9999959485249662,8.12378408987513e-09
42872a1bca346820d74fafc61a31b74b9e5e095dc290e3f983079a96b61c55ed,0,0,0.9999983512057712,0.9999983613611804,1.0155409180256925e-08
43db081d650f3bccdea21969d560bf7c0164bdb7129c45228882ceccde7e0a24,0,0,0.9999983374322323,0.9999983482498447,1.0817612361435636e-08
b9c7ff7a1a0f4e751052abb1e1ccc09ec42d28bf93a315b422919c937476902b,0,0,0.9999983083812624,0.9999983179073674,9.526105015922326e-09
290e5feca588499e074b3ab305c2e13a70370c906eeb759da8d63484a6141796,0,0,0.999998338975793,0.9999983466333917,7.657598666277465e-09
7e26895623dcac654acf920c22aa8d53ab7149d4ee4dae167835f5261debb04f,0,0,0.9999985111836001,0.9999985192070207,8.02342059458283e-09
