transformed_feature,original_feature,transformer
numeric__URLLength,URLLength,numeric
numeric__DomainLength,DomainLength,numeric
numeric__IsDomainIP,IsDomainIP,numeric
numeric__TLDLength,TLDLength,numeric
numeric__NoOfSubDomain,NoOfSubDomain,numeric
numeric__HasObfuscation,HasObfuscation,numeric
numeric__NoOfObfuscatedChar,NoOfObfuscatedChar,numeric
numeric__ObfuscationRatio,ObfuscationRatio,numeric
numeric__NoOfLettersInURL,NoOfLettersInURL,numeric
numeric__LetterRatioInURL,LetterRatioInURL,numeric
numeric__NoOfDegitsInURL,NoOfDegitsInURL,numeric
numeric__DegitRatioInURL,DegitRatioInURL,numeric
numeric__NoOfEqualsInURL,NoOfEqualsInURL,numeric
numeric__NoOfQMarkInURL,NoOfQMarkInURL,numeric
numeric__NoOfAmpersandInURL,NoOfAmpersandInURL,numeric
numeric__NoOfOtherSpecialCharsInURL,NoOfOtherSpecialCharsInURL,numeric
numeric__SpacialCharRatioInURL,SpacialCharRatioInURL,numeric
numeric__IsHTTPS,IsHTTPS,numeric
numeric__LineOfCode,LineOfCode,numeric
numeric__LargestLineLength,LargestLineLength,numeric
numeric__HasTitle,HasTitle,numeric
numeric__DomainTitleMatchScore,DomainTitleMatchScore,numeric
numeric__URLTitleMatchScore,URLTitleMatchScore,numeric
numeric__HasFavicon,HasFavicon,numeric
numeric__Robots,Robots,numeric
numeric__IsResponsive,IsResponsive,numeric
numeric__NoOfURLRedirect,NoOfURLRedirect,numeric
numeric__NoOfSelfRedirect,NoOfSelfRedirect,numeric
numeric__HasDescription,HasDescription,numeric
numeric__NoOfPopup,NoOfPopup,numeric
numeric__NoOfiFrame,NoOfiFrame,numeric
numeric__HasExternalFormSubmit,HasExternalFormSubmit,numeric
numeric__HasSocialNet,HasSocialNet,numeric
numeric__HasSubmitButton,HasSubmitButton,numeric
numeric__HasHiddenFields,HasHiddenFields,numeric
numeric__HasPasswordField,HasPasswordField,numeric
numeric__Bank,Bank,numeric
numeric__Pay,Pay,numeric
numeric__Crypto,Crypto,numeric
numeric__HasCopyrightInfo,HasCopyrightInfo,numeric
numeric__NoOfImage,NoOfImage,numeric
numeric__NoOfCSS,NoOfCSS,numeric
numeric__NoOfJS,NoOfJS,numeric
numeric__NoOfSelfRef,NoOfSelfRef,numeric
numeric__NoOfEmptyRef,NoOfEmptyRef,numeric
numeric__NoOfExternalRef,NoOfExternalRef,numeric
categorical__TLD_101,TLD,categorical
categorical__TLD_106,TLD,categorical
categorical__TLD_107,TLD,categorical
categorical__TLD_108,TLD,categorical
categorical__TLD_110,TLD,categorical
categorical__TLD_111,TLD,categorical
categorical__TLD_116,TLD,categorical
categorical__TLD_117,TLD,categorical
categorical__TLD_12,TLD,categorical
categorical__TLD_120,TLD,categorical
categorical__TLD_121,TLD,categorical
categorical__TLD_123,TLD,categorical
categorical__TLD_125,TLD,categorical
categorical__TLD_126,TLD,categorical
categorical__TLD_126:8080,TLD,categorical
categorical__TLD_128,TLD,categorical
categorical__TLD_13,TLD,categorical
categorical__TLD_130,TLD,categorical
categorical__TLD_133:8080,TLD,categorical
categorical__TLD_136,TLD,categorical
categorical__TLD_140,TLD,categorical
categorical__TLD_145,TLD,categorical
categorical__TLD_146,TLD,categorical
categorical__TLD_148,TLD,categorical
categorical__TLD_149,TLD,categorical
categorical__TLD_15,TLD,categorical
categorical__TLD_150,TLD,categorical
categorical__TLD_151,TLD,categorical
categorical__TLD_154,TLD,categorical
categorical__TLD_158,TLD,categorical
categorical__TLD_160,TLD,categorical
categorical__TLD_161,TLD,categorical
categorical__TLD_162,TLD,categorical
categorical__TLD_163,TLD,categorical
categorical__TLD_165,TLD,categorical
categorical__TLD_166,TLD,categorical
categorical__TLD_167,TLD,categorical
categorical__TLD_171,TLD,categorical
categorical__TLD_173,TLD,categorical
categorical__TLD_177,TLD,categorical
categorical__TLD_178,TLD,categorical
categorical__TLD_181,TLD,categorical
categorical__TLD_182,TLD,categorical
categorical__TLD_184,TLD,categorical
categorical__TLD_185,TLD,categorical
categorical__TLD_187,TLD,categorical
categorical__TLD_188:10003,TLD,categorical
categorical__TLD_189,TLD,categorical
categorical__TLD_197,TLD,categorical
categorical__TLD_198,TLD,categorical
categorical__TLD_199,TLD,categorical
categorical__TLD_20,TLD,categorical
categorical__TLD_200,TLD,categorical
categorical__TLD_203,TLD,categorical
categorical__TLD_206,TLD,categorical
categorical__TLD_21,TLD,categorical
categorical__TLD_210,TLD,categorical
categorical__TLD_211,TLD,categorical
categorical__TLD_211:8383,TLD,categorical
categorical__TLD_214,TLD,categorical
categorical__TLD_216,TLD,categorical
categorical__TLD_220,TLD,categorical
categorical__TLD_222,TLD,categorical
categorical__TLD_223,TLD,categorical
categorical__TLD_225,TLD,categorical
categorical__TLD_227,TLD,categorical
categorical__TLD_230,TLD,categorical
categorical__TLD_231,TLD,categorical
categorical__TLD_232,TLD,categorical
categorical__TLD_233,TLD,categorical
categorical__TLD_234,TLD,categorical
categorical__TLD_235,TLD,categorical
categorical__TLD_237,TLD,categorical
categorical__TLD_238,TLD,categorical
categorical__TLD_24,TLD,categorical
categorical__TLD_240,TLD,categorical
categorical__TLD_243,TLD,categorical
categorical__TLD_249:8080,TLD,categorical
categorical__TLD_250,TLD,categorical
categorical__TLD_252,TLD,categorical
categorical__TLD_254:30332,TLD,categorical
categorical__TLD_27,TLD,categorical
categorical__TLD_28,TLD,categorical
categorical__TLD_30,TLD,categorical
categorical__TLD_33,TLD,categorical
categorical__TLD_38,TLD,categorical
categorical__TLD_39,TLD,categorical
categorical__TLD_43,TLD,categorical
categorical__TLD_46,TLD,categorical
categorical__TLD_47,TLD,categorical
categorical__TLD_51,TLD,categorical
categorical__TLD_52,TLD,categorical
categorical__TLD_63,TLD,categorical
categorical__TLD_67,TLD,categorical
categorical__TLD_69,TLD,categorical
categorical__TLD_71,TLD,categorical
categorical__TLD_78,TLD,categorical
categorical__TLD_80,TLD,categorical
categorical__TLD_80:8085,TLD,categorical
categorical__TLD_84,TLD,categorical
categorical__TLD_86,TLD,categorical
categorical__TLD_87,TLD,categorical
categorical__TLD_94,TLD,categorical
categorical__TLD_95,TLD,categorical
categorical__TLD_ac,TLD,categorical
categorical__TLD_academy,TLD,categorical
categorical__TLD_ad,TLD,categorical
categorical__TLD_ae,TLD,categorical
categorical__TLD_aero,TLD,categorical
categorical__TLD_af,TLD,categorical
categorical__TLD_africa,TLD,categorical
categorical__TLD_ag,TLD,categorical
categorical__TLD_agency,TLD,categorical
categorical__TLD_ai,TLD,categorical
categorical__TLD_al,TLD,categorical
categorical__TLD_am,TLD,categorical
categorical__TLD_amsterdam,TLD,categorical
categorical__TLD_ao,TLD,categorical
categorical__TLD_app,TLD,categorical
categorical__TLD_aq,TLD,categorical
categorical__TLD_ar,TLD,categorical
categorical__TLD_archi,TLD,categorical
categorical__TLD_art,TLD,categorical
categorical__TLD_as,TLD,categorical
categorical__TLD_asia,TLD,categorical
categorical__TLD_associates,TLD,categorical
categorical__TLD_at,TLD,categorical
categorical__TLD_au,TLD,categorical
categorical__TLD_audio,TLD,categorical
categorical__TLD_autos,TLD,categorical
categorical__TLD_aw,TLD,categorical
categorical__TLD_ax,TLD,categorical
categorical__TLD_az,TLD,categorical
categorical__TLD_ba,TLD,categorical
categorical__TLD_band,TLD,categorical
categorical__TLD_bank,TLD,categorical
categorical__TLD_bar,TLD,categorical
categorical__TLD_barcelona,TLD,categorical
categorical__TLD_basketball,TLD,categorical
categorical__TLD_bayern,TLD,categorical
categorical__TLD_bb,TLD,categorical
categorical__TLD_bd,TLD,categorical
categorical__TLD_be,TLD,categorical
categorical__TLD_beauty,TLD,categorical
categorical__TLD_beer,TLD,categorical
categorical__TLD_berlin,TLD,categorical
categorical__TLD_best,TLD,categorical
categorical__TLD_bet,TLD,categorical
categorical__TLD_bf,TLD,categorical
categorical__TLD_bg,TLD,categorical
categorical__TLD_bh,TLD,categorical
categorical__TLD_bi,TLD,categorical
categorical__TLD_bid,TLD,categorical
categorical__TLD_bike,TLD,categorical
categorical__TLD_bio,TLD,categorical
categorical__TLD_biz,TLD,categorical
categorical__TLD_bj,TLD,categorical
categorical__TLD_black,TLD,categorical
categorical__TLD_blog,TLD,categorical
categorical__TLD_bm,TLD,categorical
categorical__TLD_bn,TLD,categorical
categorical__TLD_bo,TLD,categorical
categorical__TLD_bond,TLD,categorical
categorical__TLD_boutique,TLD,categorical
categorical__TLD_br,TLD,categorical
categorical__TLD_bs,TLD,categorical
categorical__TLD_bt,TLD,categorical
categorical__TLD_build,TLD,categorical
categorical__TLD_builders,TLD,categorical
categorical__TLD_business,TLD,categorical
categorical__TLD_buzz,TLD,categorical
categorical__TLD_bw,TLD,categorical
categorical__TLD_by,TLD,categorical
categorical__TLD_bz,TLD,categorical
categorical__TLD_ca,TLD,categorical
categorical__TLD_cab,TLD,categorical
categorical__TLD_cafe,TLD,categorical
categorical__TLD_cam,TLD,categorical
categorical__TLD_camera,TLD,categorical
categorical__TLD_capital,TLD,categorical
categorical__TLD_car,TLD,categorical
categorical__TLD_cards,TLD,categorical
categorical__TLD_care,TLD,categorical
categorical__TLD_careers,TLD,categorical
categorical__TLD_cars,TLD,categorical
categorical__TLD_casa,TLD,categorical
categorical__TLD_cash,TLD,categorical
categorical__TLD_cat,TLD,categorical
categorical__TLD_cc,TLD,categorical
categorical__TLD_cc:8443,TLD,categorical
categorical__TLD_cd,TLD,categorical
categorical__TLD_center,TLD,categorical
categorical__TLD_cern,TLD,categorical
categorical__TLD_cf,TLD,categorical
categorical__TLD_cfd,TLD,categorical
categorical__TLD_ch,TLD,categorical
categorical__TLD_chat,TLD,categorical
categorical__TLD_church,TLD,categorical
categorical__TLD_ci,TLD,categorical
categorical__TLD_citic,TLD,categorical
categorical__TLD_city,TLD,categorical
categorical__TLD_ck,TLD,categorical
categorical__TLD_cl,TLD,categorical
categorical__TLD_cleaning,TLD,categorical
categorical__TLD_click,TLD,categorical
categorical__TLD_clothing,TLD,categorical
categorical__TLD_cloud,TLD,categorical
categorical__TLD_club,TLD,categorical
categorical__TLD_cm,TLD,categorical
categorical__TLD_cn,TLD,categorical
categorical__TLD_co,TLD,categorical
categorical__TLD_coach,TLD,categorical
categorical__TLD_codes,TLD,categorical
categorical__TLD_coffee,TLD,categorical
categorical__TLD_college,TLD,categorical
categorical__TLD_com,TLD,categorical
categorical__TLD_com:2096,TLD,categorical
categorical__TLD_com:4000,TLD,categorical
categorical__TLD_com:443,TLD,categorical
categorical__TLD_com:9595,TLD,categorical
categorical__TLD_community,TLD,categorical
categorical__TLD_company,TLD,categorical
categorical__TLD_computer,TLD,categorical
categorical__TLD_condos,TLD,categorical
categorical__TLD_consulting,TLD,categorical
categorical__TLD_cool,TLD,categorical
categorical__TLD_coop,TLD,categorical
categorical__TLD_corsica,TLD,categorical
categorical__TLD_cr,TLD,categorical
categorical__TLD_crs,TLD,categorical
categorical__TLD_cu,TLD,categorical
categorical__TLD_cv,TLD,categorical
categorical__TLD_cx,TLD,categorical
categorical__TLD_cy,TLD,categorical
categorical__TLD_cymru,TLD,categorical
categorical__TLD_cyou,TLD,categorical
categorical__TLD_cz,TLD,categorical
categorical__TLD_date,TLD,categorical
categorical__TLD_de,TLD,categorical
categorical__TLD_delivery,TLD,categorical
categorical__TLD_dental,TLD,categorical
categorical__TLD_design,TLD,categorical
categorical__TLD_dev,TLD,categorical
categorical__TLD_diamonds,TLD,categorical
categorical__TLD_digital,TLD,categorical
categorical__TLD_direct,TLD,categorical
categorical__TLD_dj,TLD,categorical
categorical__TLD_dk,TLD,categorical
categorical__TLD_dm,TLD,categorical
categorical__TLD_do,TLD,categorical
categorical__TLD_dog,TLD,categorical
categorical__TLD_domains,TLD,categorical
categorical__TLD_download,TLD,categorical
categorical__TLD_dz,TLD,categorical
categorical__TLD_earth,TLD,categorical
categorical__TLD_ec,TLD,categorical
categorical__TLD_eco,TLD,categorical
categorical__TLD_edu,TLD,categorical
categorical__TLD_education,TLD,categorical
categorical__TLD_ee,TLD,categorical
categorical__TLD_eg,TLD,categorical
categorical__TLD_email,TLD,categorical
categorical__TLD_energy,TLD,categorical
categorical__TLD_engineering,TLD,categorical
categorical__TLD_es,TLD,categorical
categorical__TLD_et,TLD,categorical
categorical__TLD_eu,TLD,categorical
categorical__TLD_eus,TLD,categorical
categorical__TLD_events,TLD,categorical
categorical__TLD_exchange,TLD,categorical
categorical__TLD_expert,TLD,categorical
categorical__TLD_express,TLD,categorical
categorical__TLD_faith,TLD,categorical
categorical__TLD_family,TLD,categorical
categorical__TLD_farm,TLD,categorical
categorical__TLD_fashion,TLD,categorical
categorical__TLD_fi,TLD,categorical
categorical__TLD_film,TLD,categorical
categorical__TLD_finance,TLD,categorical
categorical__TLD_fit,TLD,categorical
categorical__TLD_fitness,TLD,categorical
categorical__TLD_fj,TLD,categorical
categorical__TLD_fk,TLD,categorical
categorical__TLD_flights,TLD,categorical
categorical__TLD_fm,TLD,categorical
categorical__TLD_fo,TLD,categorical
categorical__TLD_foundation,TLD,categorical
categorical__TLD_fr,TLD,categorical
categorical__TLD_fr:443,TLD,categorical
categorical__TLD_fun,TLD,categorical
categorical__TLD_fund,TLD,categorical
categorical__TLD_furniture,TLD,categorical
categorical__TLD_fyi,TLD,categorical
categorical__TLD_ga,TLD,categorical
categorical__TLD_gal,TLD,categorical
categorical__TLD_gallery,TLD,categorical
categorical__TLD_game,TLD,categorical
categorical__TLD_games,TLD,categorical
categorical__TLD_garden,TLD,categorical
categorical__TLD_gay,TLD,categorical
categorical__TLD_gd,TLD,categorical
categorical__TLD_gdn,TLD,categorical
categorical__TLD_ge,TLD,categorical
categorical__TLD_gf,TLD,categorical
categorical__TLD_gg,TLD,categorical
categorical__TLD_gh,TLD,categorical
categorical__TLD_gi,TLD,categorical
categorical__TLD_gift,TLD,categorical
categorical__TLD_gifts,TLD,categorical
categorical__TLD_gl,TLD,categorical
categorical__TLD_global,TLD,categorical
categorical__TLD_gmbh,TLD,categorical
categorical__TLD_gold,TLD,categorical
categorical__TLD_golf,TLD,categorical
categorical__TLD_goog,TLD,categorical
categorical__TLD_google,TLD,categorical
categorical__TLD_gov,TLD,categorical
categorical__TLD_gp,TLD,categorical
categorical__TLD_gq,TLD,categorical
categorical__TLD_gr,TLD,categorical
categorical__TLD_green,TLD,categorical
categorical__TLD_group,TLD,categorical
categorical__TLD_gs,TLD,categorical
categorical__TLD_gt,TLD,categorical
categorical__TLD_guide,TLD,categorical
categorical__TLD_guitars,TLD,categorical
categorical__TLD_guru,TLD,categorical
categorical__TLD_gy,TLD,categorical
categorical__TLD_hair,TLD,categorical
categorical__TLD_hamburg,TLD,categorical
categorical__TLD_health,TLD,categorical
categorical__TLD_healthcare,TLD,categorical
categorical__TLD_help,TLD,categorical
categorical__TLD_hk,TLD,categorical
categorical__TLD_hn,TLD,categorical
categorical__TLD_holiday,TLD,categorical
categorical__TLD_homes,TLD,categorical
categorical__TLD_host,TLD,categorical
categorical__TLD_hosting,TLD,categorical
categorical__TLD_house,TLD,categorical
categorical__TLD_hr,TLD,categorical
categorical__TLD_ht,TLD,categorical
categorical__TLD_hu,TLD,categorical
categorical__TLD_icu,TLD,categorical
categorical__TLD_id,TLD,categorical
categorical__TLD_ie,TLD,categorical
categorical__TLD_il,TLD,categorical
categorical__TLD_im,TLD,categorical
categorical__TLD_immo,TLD,categorical
categorical__TLD_in,TLD,categorical
categorical__TLD_industries,TLD,categorical
categorical__TLD_info,TLD,categorical
categorical__TLD_ink,TLD,categorical
categorical__TLD_institute,TLD,categorical
categorical__TLD_int,TLD,categorical
categorical__TLD_international,TLD,categorical
categorical__TLD_investments,TLD,categorical
categorical__TLD_io,TLD,categorical
categorical__TLD_iq,TLD,categorical
categorical__TLD_ir,TLD,categorical
categorical__TLD_is,TLD,categorical
categorical__TLD_ist,TLD,categorical
categorical__TLD_istanbul,TLD,categorical
categorical__TLD_it,TLD,categorical
categorical__TLD_je,TLD,categorical
categorical__TLD_jm,TLD,categorical
categorical__TLD_jo,TLD,categorical
categorical__TLD_jobs,TLD,categorical
categorical__TLD_jp,TLD,categorical
categorical__TLD_ke,TLD,categorical
categorical__TLD_kg,TLD,categorical
categorical__TLD_kh,TLD,categorical
categorical__TLD_ki,TLD,categorical
categorical__TLD_kim,TLD,categorical
categorical__TLD_kitchen,TLD,categorical
categorical__TLD_kiwi,TLD,categorical
categorical__TLD_kn,TLD,categorical
categorical__TLD_koeln,TLD,categorical
categorical__TLD_kr,TLD,categorical
categorical__TLD_krd,TLD,categorical
categorical__TLD_kred,TLD,categorical
categorical__TLD_kw,TLD,categorical
categorical__TLD_ky,TLD,categorical
categorical__TLD_kz,TLD,categorical
categorical__TLD_la,TLD,categorical
categorical__TLD_land,TLD,categorical
categorical__TLD_land:443,TLD,categorical
categorical__TLD_lat,TLD,categorical
categorical__TLD_law,TLD,categorical
categorical__TLD_lb,TLD,categorical
categorical__TLD_lc,TLD,categorical
categorical__TLD_legal,TLD,categorical
categorical__TLD_li,TLD,categorical
categorical__TLD_life,TLD,categorical
categorical__TLD_lighting,TLD,categorical
categorical__TLD_limited,TLD,categorical
categorical__TLD_limo,TLD,categorical
categorical__TLD_link,TLD,categorical
categorical__TLD_live,TLD,categorical
categorical__TLD_lk,TLD,categorical
categorical__TLD_loan,TLD,categorical
categorical__TLD_lol,TLD,categorical
categorical__TLD_london,TLD,categorical
categorical__TLD_love,TLD,categorical
categorical__TLD_lr,TLD,categorical
categorical__TLD_ls,TLD,categorical
categorical__TLD_lt,TLD,categorical
categorical__TLD_ltd,TLD,categorical
categorical__TLD_lu,TLD,categorical
categorical__TLD_lundbeck,TLD,categorical
categorical__TLD_lv,TLD,categorical
categorical__TLD_ly,TLD,categorical
categorical__TLD_ma,TLD,categorical
categorical__TLD_madrid,TLD,categorical
categorical__TLD_maison,TLD,categorical
categorical__TLD_makeup,TLD,categorical
categorical__TLD_management,TLD,categorical
categorical__TLD_market,TLD,categorical
categorical__TLD_marketing,TLD,categorical
categorical__TLD_markets,TLD,categorical
categorical__TLD_mba,TLD,categorical
categorical__TLD_mc,TLD,categorical
categorical__TLD_md,TLD,categorical
categorical__TLD_me,TLD,categorical
categorical__TLD_media,TLD,categorical
categorical__TLD_menu,TLD,categorical
categorical__TLD_mg,TLD,categorical
categorical__TLD_miami,TLD,categorical
categorical__TLD_mil,TLD,categorical
categorical__TLD_mk,TLD,categorical
categorical__TLD_ml,TLD,categorical
categorical__TLD_mm,TLD,categorical
categorical__TLD_mn,TLD,categorical
categorical__TLD_mo,TLD,categorical
categorical__TLD_mobi,TLD,categorical
categorical__TLD_moe,TLD,categorical
categorical__TLD_mom,TLD,categorical
categorical__TLD_money,TLD,categorical
categorical__TLD_monster,TLD,categorical
categorical__TLD_mortgage,TLD,categorical
categorical__TLD_mp,TLD,categorical
categorical__TLD_mq,TLD,categorical
categorical__TLD_mr,TLD,categorical
categorical__TLD_ms,TLD,categorical
categorical__TLD_mt,TLD,categorical
categorical__TLD_mu,TLD,categorical
categorical__TLD_museum,TLD,categorical
categorical__TLD_mv,TLD,categorical
categorical__TLD_mw,TLD,categorical
categorical__TLD_mx,TLD,categorical
categorical__TLD_my,TLD,categorical
categorical__TLD_mz,TLD,categorical
categorical__TLD_na,TLD,categorical
categorical__TLD_nagoya,TLD,categorical
categorical__TLD_name,TLD,categorical
categorical__TLD_nc,TLD,categorical
categorical__TLD_ne,TLD,categorical
categorical__TLD_net,TLD,categorical
categorical__TLD_network,TLD,categorical
categorical__TLD_neustar,TLD,categorical
categorical__TLD_news,TLD,categorical
categorical__TLD_nf,TLD,categorical
categorical__TLD_ng,TLD,categorical
categorical__TLD_ngo,TLD,categorical
categorical__TLD_ni,TLD,categorical
categorical__TLD_ninja,TLD,categorical
categorical__TLD_nl,TLD,categorical
categorical__TLD_no,TLD,categorical
categorical__TLD_np,TLD,categorical
categorical__TLD_nr,TLD,categorical
categorical__TLD_nrw,TLD,categorical
categorical__TLD_ntt,TLD,categorical
categorical__TLD_nu,TLD,categorical
categorical__TLD_nyc,TLD,categorical
categorical__TLD_nz,TLD,categorical
categorical__TLD_om,TLD,categorical
categorical__TLD_one,TLD,categorical
categorical__TLD_online,TLD,categorical
categorical__TLD_ooo,TLD,categorical
categorical__TLD_org,TLD,categorical
categorical__TLD_ovh,TLD,categorical
categorical__TLD_pa,TLD,categorical
categorical__TLD_page,TLD,categorical
categorical__TLD_paris,TLD,categorical
categorical__TLD_party,TLD,categorical
categorical__TLD_pe,TLD,categorical
categorical__TLD_pet,TLD,categorical
categorical__TLD_pf,TLD,categorical
categorical__TLD_pg,TLD,categorical
categorical__TLD_ph,TLD,categorical
categorical__TLD_photo,TLD,categorical
categorical__TLD_photography,TLD,categorical
categorical__TLD_photos,TLD,categorical
categorical__TLD_pics,TLD,categorical
categorical__TLD_pink,TLD,categorical
categorical__TLD_pk,TLD,categorical
categorical__TLD_pl,TLD,categorical
categorical__TLD_pl:443,TLD,categorical
categorical__TLD_place,TLD,categorical
categorical__TLD_plus,TLD,categorical
categorical__TLD_pm,TLD,categorical
categorical__TLD_pn,TLD,categorical
categorical__TLD_post,TLD,categorical
categorical__TLD_press,TLD,categorical
categorical__TLD_pro,TLD,categorical
categorical__TLD_promo,TLD,categorical
categorical__TLD_ps,TLD,categorical
categorical__TLD_pt,TLD,categorical
categorical__TLD_pub,TLD,categorical
categorical__TLD_pw,TLD,categorical
categorical__TLD_py,TLD,categorical
categorical__TLD_qa,TLD,categorical
categorical__TLD_quest,TLD,categorical
categorical__TLD_racing,TLD,categorical
categorical__TLD_radio,TLD,categorical
categorical__TLD_re,TLD,categorical
categorical__TLD_recipes,TLD,categorical
categorical__TLD_red,TLD,categorical
categorical__TLD_rentals,TLD,categorical
categorical__TLD_repair,TLD,categorical
categorical__TLD_report,TLD,categorical
categorical__TLD_rest,TLD,categorical
categorical__TLD_review,TLD,categorical
categorical__TLD_reviews,TLD,categorical
categorical__TLD_rip,TLD,categorical
categorical__TLD_ro,TLD,categorical
categorical__TLD_rocks,TLD,categorical
categorical__TLD_rs,TLD,categorical
categorical__TLD_ru,TLD,categorical
categorical__TLD_rugby,TLD,categorical
categorical__TLD_ruhr,TLD,categorical
categorical__TLD_run,TLD,categorical
categorical__TLD_rw,TLD,categorical
categorical__TLD_sa,TLD,categorical
categorical__TLD_salon,TLD,categorical
categorical__TLD_sb,TLD,categorical
categorical__TLD_sbs,TLD,categorical
categorical__TLD_sc,TLD,categorical
categorical__TLD_school,TLD,categorical
categorical__TLD_schule,TLD,categorical
categorical__TLD_science,TLD,categorical
categorical__TLD_scot,TLD,categorical
categorical__TLD_sd,TLD,categorical
categorical__TLD_se,TLD,categorical
categorical__TLD_services,TLD,categorical
categorical__TLD_sexy,TLD,categorical
categorical__TLD_sg,TLD,categorical
categorical__TLD_sh,TLD,categorical
categorical__TLD_sharp,TLD,categorical
categorical__TLD_shoes,TLD,categorical
categorical__TLD_shop,TLD,categorical
categorical__TLD_show,TLD,categorical
categorical__TLD_si,TLD,categorical
categorical__TLD_site,TLD,categorical
categorical__TLD_sk,TLD,categorical
categorical__TLD_ski,TLD,categorical
categorical__TLD_skin,TLD,categorical
categorical__TLD_sm,TLD,categorical
categorical__TLD_sn,TLD,categorical
categorical__TLD_so,TLD,categorical
categorical__TLD_social,TLD,categorical
categorical__TLD_software,TLD,categorical
categorical__TLD_solutions,TLD,categorical
categorical__TLD_soy,TLD,categorical
categorical__TLD_space,TLD,categorical
categorical__TLD_sport,TLD,categorical
categorical__TLD_sr,TLD,categorical
categorical__TLD_ss,TLD,categorical
categorical__TLD_st,TLD,categorical
categorical__TLD_store,TLD,categorical
categorical__TLD_stream,TLD,categorical
categorical__TLD_studio,TLD,categorical
categorical__TLD_study,TLD,categorical
categorical__TLD_su,TLD,categorical
categorical__TLD_supply,TLD,categorical
categorical__TLD_support,TLD,categorical
categorical__TLD_sv,TLD,categorical
categorical__TLD_swiss,TLD,categorical
categorical__TLD_sx,TLD,categorical
categorical__TLD_sy,TLD,categorical
categorical__TLD_systems,TLD,categorical
categorical__TLD_sz,TLD,categorical
categorical__TLD_tax,TLD,categorical
categorical__TLD_taxi,TLD,categorical
categorical__TLD_tc,TLD,categorical
categorical__TLD_team,TLD,categorical
categorical__TLD_tech,TLD,categorical
categorical__TLD_technology,TLD,categorical
categorical__TLD_tel,TLD,categorical
categorical__TLD_tf,TLD,categorical
categorical__TLD_tg,TLD,categorical
categorical__TLD_th,TLD,categorical
categorical__TLD_theater,TLD,categorical
categorical__TLD_tips,TLD,categorical
categorical__TLD_tirol,TLD,categorical
categorical__TLD_tj,TLD,categorical
categorical__TLD_tk,TLD,categorical
categorical__TLD_tl,TLD,categorical
categorical__TLD_tm,TLD,categorical
categorical__TLD_tn,TLD,categorical
categorical__TLD_to,TLD,categorical
categorical__TLD_today,TLD,categorical
categorical__TLD_tokyo,TLD,categorical
categorical__TLD_tools,TLD,categorical
categorical__TLD_top,TLD,categorical
categorical__TLD_tours,TLD,categorical
categorical__TLD_town,TLD,categorical
categorical__TLD_tr,TLD,categorical
categorical__TLD_trade,TLD,categorical
categorical__TLD_training,TLD,categorical
categorical__TLD_travel,TLD,categorical
categorical__TLD_tt,TLD,categorical
categorical__TLD_tv,TLD,categorical
categorical__TLD_tw,TLD,categorical
categorical__TLD_tz,TLD,categorical
categorical__TLD_ua,TLD,categorical
categorical__TLD_ug,TLD,categorical
categorical__TLD_uk,TLD,categorical
categorical__TLD_uno,TLD,categorical
categorical__TLD_us,TLD,categorical
categorical__TLD_uy,TLD,categorical
categorical__TLD_uz,TLD,categorical
categorical__TLD_va,TLD,categorical
categorical__TLD_vc,TLD,categorical
categorical__TLD_ve,TLD,categorical
categorical__TLD_vegas,TLD,categorical
categorical__TLD_vet,TLD,categorical
categorical__TLD_vg,TLD,categorical
categorical__TLD_vi,TLD,categorical
categorical__TLD_video,TLD,categorical
categorical__TLD_vip,TLD,categorical
categorical__TLD_vlaanderen,TLD,categorical
categorical__TLD_vn,TLD,categorical
categorical__TLD_vote,TLD,categorical
categorical__TLD_vu,TLD,categorical
categorical__TLD_wales,TLD,categorical
categorical__TLD_watch,TLD,categorical
categorical__TLD_weber,TLD,categorical
categorical__TLD_website,TLD,categorical
categorical__TLD_wf,TLD,categorical
categorical__TLD_wiki,TLD,categorical
categorical__TLD_win,TLD,categorical
categorical__TLD_wine,TLD,categorical
categorical__TLD_work,TLD,categorical
categorical__TLD_works,TLD,categorical
categorical__TLD_world,TLD,categorical
categorical__TLD_ws,TLD,categorical
categorical__TLD_wtf,TLD,categorical
categorical__TLD_xn--6frz82g,TLD,categorical
categorical__TLD_xn--90ais,TLD,categorical
categorical__TLD_xn--c1avg,TLD,categorical
categorical__TLD_xn--mk1bu44c,TLD,categorical
categorical__TLD_xn--p1acf,TLD,categorical
categorical__TLD_xn--p1ai,TLD,categorical
categorical__TLD_xyz,TLD,categorical
categorical__TLD_yachts,TLD,categorical
categorical__TLD_yoga,TLD,categorical
categorical__TLD_youtube,TLD,categorical
categorical__TLD_yt,TLD,categorical
categorical__TLD_za,TLD,categorical
categorical__TLD_zm,TLD,categorical
categorical__TLD_zone,TLD,categorical
categorical__TLD_zw,TLD,categorical
